mē	me, myself	1
quid	what	1
nihil	nothing	1
nōn	not	1
saepe	often	1
sī	if	1
amō, amāre, amāvī, amātum	to love, like	1
amābō tē	please	1
cōgitō, cōgitāre, cōgitāvī, cōgitātum	to think, ponder, consider, plan	1
dḗbeō, dēbḗre, dḗbuī, dḗbitum	to owe; ought, must, should	1
dō, dare, dedī, datum	to give, offer	1
errō, errāre, errāvī, errātum	to wander; err, go astray; make a mistake, be mistaken	1
laudō, laudāre, laudāvī, laudātum	to praise	1
moneō, monēre, monuī, monitum	to remind, advise, warn	1
salveō, salvēre	to be well, be in good health	1
salvē, salvēte	hello, greetings	1
servō, servāre, servāvī, servātum	to preserve, save, keep, guard	1
cōnservō, cōnservāre, cōnservāvī, cōnservātum	to preserve, conserve, maintain	1
terreō, terrēre, terruī, territum	to frighten, terrify	1
valeō, valēre, valuī, valitūrum	to be strong, have power; be well	1
valē, valēte	good-bye, farewell	1
videō, vidēre, vīdī, vīsum	to see; observe, understand	1
vocō, vocāre, vocāvī, vocātum	to call, summon	1
fāma, fāmae (f)	rumor, report; fame, reputation	2
fōrma, fōrmae (f)	form, shape; beauty	2
fortūna, fortūnae (f)	fortune, luck	2
īra, īrae (f)	ire, anger	2
nauta, nautae (m)	sailor	2
patria, patriae (f)	fatherland, native land, (one's) country	2
pecūnia, pecūniae (f)	money	2
philosophia, philosophiae (f)	philosophy	2
poena, poenae (f)	penalty, punishment	2
poenās dare	to pay the penalty	2
poēta, poētae (m)	poet	2
porta, portae (f)	gate, entrance	2
puella, puellae (f)	girl	2
rosa, rosae (f)	rose	2
sententia, sententiae (f)	feeling, thought, opinion, vote, sentence	2
vīta, vītae (f)	life; mode of life	2
antīqua, antīquae	ancient, old-time	2
magna, magnae	large, great; important	2
mea, meae	my	2
multa, multae	much, many	2
tua, tuae	your (sing.)	2
et	and; even	2
et . . . et	both . . . and	2
sed	but	2
Ō	o!, oh!	2
sine (+abl.)	without	2
ager, agrī (m)	field, farm	3
agricola, agricolae (m)	farmer	3
amīca, amīcae (f)	friend (female)	3
amīcus, amīcī (m)	friend (male)	3
fēmina, fēminae (f)	woman	3
fīlia, fīliae (f)	daughter	3
fīlius, fīliī (m)	son	3
numerus, numerī (m)	number	3
populus, populī (m)	the people, a people, a nation	3
puer, puerī (m)	boy; boys, children (pl.)	3
sapientia, sapientiae (f)	wisdom	3
vir, virī (m)	man, hero	3
avārus (m), avāra (f)	greedy, avaricious	3
paucī (m), paucae (f)	few, a few	3
Rōmānus (m), Rōmāna (f)	Roman	3
dē (+abl.)	down from, from; concerning, about	3
in (+abl.)	in, on	3
hodiē	today	3
semper	always	3
habeō, habēre, habuī, habitum	to have, hold, possess; consider, regard	3
satiō, satiāre, satiāvī, satiātum	to satisfy, sate	3
bāsium, bāsiī (n)	kiss	4
bellum, bellī (n)	war	4
cōnsilium, cōnsiliī (n)	plan, purpose, counsel, advice, judgment, wisdom	4
cūra, cūrae (f)	care, attention, caution, anxiety	4
dōnum, dōnī (n)	gift, present	4
exitium, exitiī (n)	destruction, ruin	4
magister, magistrī (m)	schoolmaster, teacher, master	4
magistra, magistrae (f)	schoolmistress, teacher, mistress	4
mora, morae (f)	delay	4
nihil	nothing	4
oculus, oculī (m)	eye	4
officium, officiī (n)	duty, service	4
ōtium, ōtiī (n)	leisure, peace	4
perīculum, perīculī (n)	danger, risk	4
remedium, remediī (n)	cure, remedy	4
bellus, bella, bellum	pretty, handsome, charming	4
bonus, bona, bonum	good, kind	4
hūmānus, hūmāna, hūmānum	pertaining to man, human; humane, kind; refined, cultivated	4
malus, mala, malum	bad, wicked, evil	4
parvus, parva, parvum	small, little	4
stultus, stulta, stultum	foolish	4
stultus, stultī (m)	a fool	4
vērus, vēra, vērum	true, real, proper	4
iuvō, iuvāre, iūvī, iūtum	to help, aid, assist; please	4
adiuvō, adiuvāre, adiūvī, adiūtum	to help, aid, assist; to please	4
sum, esse, fuī, futūrum	to be, exist	4
adulēscentia, adulēscentiae (f)	youth, young manhood; youthfulness	5
animus, animī (m)	soul, spirit, mind	5
animī, animōrum (m)	high spirits, pride, courage	5
caelum, caelī (n)	sky, heaven	5
culpa, culpae (f)	fault, blame	5
glōria, glōriae (f)	glory, fame	5
verbum, verbī (n)	word	5
tē	you, yourself (sing.)	5
līber, lībera, līberum	free	5
noster, nostra, nostrum	our, ours	5
pulcher, pulchra, pulchrum	beautiful, handsome; fine	5
sānus, sāna, sānum	sound, healthy, sane	5
igitur	therefore, consequently	5
-ne	interrogative suffix attached to the first word of a sentence, typically the verb or another word on which the question hinges, to introduce a question whose answer is uncertain	5
propter (+acc.)	on account of, because of	5
crās	tomorrow	5
héri	yesterday	5
quandō	when	5
sī quandō	if ever	5
satis	enough, sufficient (-ly)	5
tum	then, at that time; thereupon, in the next place	5
cēnō, cēnāre, cēnāvī, cēnātum	to dine	5
culpō, culpāre, culpāvī, culpātum	to blame, censure	5
remaneō, remanēre, remānsī, remānsum	to remain, stay, stay behind, abide, continue	5
maneō, manēre, mānsī, mānsum	to remain, stay, stay behind, abide, continue	5
superō, superāre, superāvī, superātum	to be above, have the upper hand, surpass; overcome, conquer	5
dea, deae (f)	goddess	6
deus, deī (m)	god	6
discipula, discipulae (f)	learner, pupil, student	6
discipulus, discipulī (m)	learner, pupil, student	6
īnsidiae, īnsidiārum (f)	ambush, plot, treachery	6
liber, librī (m)	book	6
tyrannus, tyrannī (m)	absolute ruler, tyrant	6
vitium, vitiī (n)	fault, crime, vice	6
Graecus, Graeca, Graecum	Greek	6
Graecus, Graecī (m)	Greek	6
perpetuus, perpetua, perpetuum	perpetual, lasting, uninterrupted, continuous	6
plēnus, plēna, plēnum	full, abundant, generous	6
salvus, salva, salvum	safe, sound	6
secundus, secunda, secundum	second; favorable	6
vester, vestra, vestrum	your (pl.)	6
-que	and (enclitic conjunction; appended to the second of two words to be joined)	6
ubi	where, when	6
ibi	there	6
nunc	now, at present	6
quārē	because of which thing (lit.); therefore, wherefore, why	6
possum, posse, potuī	to be able, can, could, have power	6
tolerō, tolerāre, tolerāvī, tolerātum	to bear, endure	6
amor, amōris (m)	love	7
carmen, carminis (n)	song, poem	7
cīvitās, cīvitātis (f)	state, citizenship	7
corpus, corporis (n)	body	7
homō, hominis (m)	human being, man	7
labor, labōris (m)	labor, work, toil; a work, production	7
littera, litterae (f)	a letter of the alphabet	7
litterae, litterārum (f)	a letter (epistle), literature	7
mōs, mōris (m)	habit, custom, manner	7
mōrēs, mōrum (m)	habits, morals, character	7
nōmen, nōminis (n)	name	7
pāx, pācis (f)	peace	7
rēgīna, rēgīnae (f)	queen	7
rēx, rēgis (m)	king	7
tempus, temporis (n)	time; occasion, opportunity	7
terra, terrae (f)	earth, ground, land, country	7
uxor, uxōris (f)	wife	7
virgō, virginis (f)	maiden, virgin	7
virtūs, virtūtis (f)	manliness, courage; excellence, character, worth, virtue	7
novus, nova, novum	new; strange	7
post (+acc.)	after, behind	7
sub (+abl. w/ verbs of rest or +acc. w/ verbs of motion)	under, up under, close to, down to/into, to/at the foot of	7
audeō, audēre, ausus sum	to dare	7
necō, necāre, necāvī, necātum	to murder, kill	7
cicero	(Marcus Tullius) Cicero	8
cōpia, cōpiae (f)	abundance, supply	8
cōpiae, cōpiārum (f)	supplies, troops, forces	8
frāter, frātris (m)	brother	8
laus, laudis (f)	praise, glory, fame	8
lībertās, lībertātis (f)	liberty	8
ratiō, ratiōnis (f)	reckoning, account; reason, judgment, consideration; system; manner, method	8
scrīptor, scrīptōris (m)	writer, author	8
soror, sorōris (f)	sister	8
victōria, victōriae (f)	victory	8
dum	while, as long as, at the same time that; until (+subjunctive)	8
ad (+acc.)	to, up to, near to	8
ex , ē (abl.+)	out of, from, from within; by reason of, on account of; of (following cardinal numerals)	8
numquam	never	8
tamen	nevertheless, still	8
agō, agere, ēgī, āctum	to drive, lead, do, act; pass, spend (life or time)	8
grātiās agere	to thank someone; to give thanks to	8
dēmōnstrō, dēmōnstrāre, dēmōnstrāvī, dēmōnstrātum	to point out, show, demonstrate	8
discō, discere, didicī	to learn	8
doceō, docēre, docuī, doctum	to teach	8
dūcō, dūcere, dūxī, ductum	to lead; consider, regard; prolong	8
gerō, gerere, gessī, gestum	to carry; carry on, manage, conduct, wage, accomplish, perform	8
scrībō, scrībere, scrīpsī, scrīptum	to write, compose	8
trahō, trahere, trāxī, tractum	to draw, drag; derive, acquire	8
vincō, vincere, vīcī, victum	to conquer, overcome	8
locus, locī (m)	place; passage in literature	9
loca, locōrum (n)	places, region	9
locī, locōrum (m)	passages in literature	9
morbus, morbī (m)	disease, sickness	9
studium, studiī (n)	eagerness, zeal, pursuit, study	9
hic, haec, hoc	this; the latter; he, she, it, they	9
ille, illa, illud	that; the former; the famous; he, she, it, they	9
íste, ísta, ístud	that of yours, that; such (as you have, as you speak of); sometimes with contemptuous force, e.g., that despicable, that wretched	9
alius, alia, aliud	other, another	9
aliī . . . aliī	some . . . others	9
alter, altera, alterum	the other (of two), second	9
neuter, neutra, neutrum	not either, neither	9
nūllus, nūlla, nūllum	not any, no, none	9
sōlus, sōla, sōlum	alone, only, the only	9
nōn sōlum . . . sed etiam	not only . . . but also	9
tōtus, tōta, tōtum	whole, entire	9
ūllus, ūlla, ūllum	any	9
ūnus, ūna, ūnum	one, single, alone	9
uter, utra, utrum	either, which (of two)	9
enim	for, in fact, truly	9
in (+acc.)	into, toward; against	9
nímis, nímium	too, too much, excessively; (in a positive sense, esp. with adjectives and adverbs) exceedingly, very	9
amīcitia, amīcitiae (f)	friendship	10
cupiditās, cupiditātis (f)	desire, longing, passion; cupidity, avarice	10
hōra, hōrae (f)	hour, time	10
nātūra, nātūrae (f)	nature	10
senectūs, senectūtis (f)	old age	10
timor, timōris (m)	fear	10
vēritās, vēritātis (f)	truth	10
via, viae (f)	way, road, street	10
voluptās, voluptātis (f)	pleasure	10
beātus, beāta, beātum	happy, fortunate, blessed	10
quoniam	since, inasmuch as	10
cum (+abl.)	with	10
audiō, audīre, audīvī, audītum	to hear, listen to	10
capiō, capere, cēpī, captum	to take, capture, seize, get	10
dīcō, dīcere, dīxī, dictum	to say, tell, speak; name, call	10
faciō, facere, fēcī, factum	to make, do, accomplish	10
fugiō, fugere, fūgī, fugitūrum	to flee, hurry away; escape; go into exile; avoid, shun	10
veniō, venīre, vēnī, ventum	to come	10
inveniō, invenīre, invēnī, inventum	to come upon, find	10
vīvō, vīvere, vīxī, vīctum	to live	10
caput, capitis (n)	head; leader; beginning; life;heading; chapter	11
cōnsul, cōnsulis (m)	consul	11
nēmō, nūllīus, nēminī, nēminem, nūllō, nūllā (m or f)	no one, nobody	11
ego, meī	I	11
tū, tuī	you (sing.)	11
is, ea, id	this, that; he, she, it	11
īdem, eadem, idem	the same	11
amīcus, amīca, amīcum	friendly	11
cārus, cāra, cārum	dear	11
quod	because	11
neque, nec	and not, nor	11
neque . . . neque, nec . . . nec	neither . . . nor	11
autem	however; moreover	11
bene	well, satisfactorily, quite	11
etiam	even	11
intellegō, intellegere, intellēxī, intellēctum	to understand	11
mittō, mittere, mīsī, missum	to send, let go	11
sentiō, sentīre, sēnsī, sēnsum	to feel, perceive, think, experience	11
adulēscēns, adulēscentis (m or f)	young man, young woman	12
annus, annī (m)	year	12
Asia, Asiae (f)	Asia	12
Caesar, Caesaris (m)	Caesar	12
māter, mātris (f)	mother	12
medicus, medicī (m)	doctor, physician (male)	12
medica, medicae (f)	doctor, physician (female)	12
pater, patris (m)	father	12
patientia, patientiae (f)	suffering; patience, endurance	12
prīncipium, prīncipiī (n)	beginning	12
acerbus, acerba, acerbum	harsh, bitter, grievous	12
prō (+abl.)	in front of, before, on behalf of, for the sake of, in return for, instead of, for, as	12
diū	long, for a long time	12
nūper	recently	12
āmíttō, āmíttere, āmīsī, āmíssum	to send away; lose, let go	12
cadō, cadere, cecidī, cāsūrum	to fall	12
creō, creāre, creāvī, creātum	to create	12
dīvitiae, dīvitiārum (f. pl.)	riches, wealth	13
factum, factī (n)	deed, act, achievement	13
signum, signī (n)	sign, signal, indication; seal	13
ipse, ipsa, ipsum	myself, yourself, himself, herself, itself, themselves, the very, the actual	13
quisque, quidque, cuiusque, cuique	each one, each person, each thing	13
suī	himself, herself, itself, themselves	13
doctus, docta, doctum	taught, learned, skilled	13
fortūnātus, fortūnāta, fortūnātum	lucky, fortunate, happy	13
suus, sua, suum	his own, her own, its own, their own	13
nam	for	13
ante (+acc.)	before (in place or time), in front of; before, previously (adv.)	13
per (+acc.)	through; by (with reflexive pronoun); thoroughly, very (as a prefix)	13
ṓlim	once (upon a time), long ago, formerly; some day, in the future	13
alō, alere, aluī, altum	to nourish, support, sustain, increase; cherish	13
dīligō, dīligere, dīlēxī, dīlēctum	to esteem, love	13
iungō, iungere, iūnxī, iūnctum	to join	13
stō, stāre, stetī, statum	to stand, stand still, stand firm	13
animal, animālis (n)	a living creature, animal	14
aqua, aquae (f)	water	14
ars, artis (f)	art, skill	14
auris, auris (f)	ear	14
cīvis, cīvis (m or f)	citizen	14
iūs, iūris (n)	right, justice, law	14
mare, maris (n)	sea	14
mors, mortis (f)	death	14
nūbēs, nūbis (f)	cloud	14
ōs, ōris (n)	mouth, face	14
pars, partis (f)	part, share; direction	14
Rōma, Rōmae (f)	Rome	14
turba, turbae (f)	uproar, disturbance, mob, crowd, multitude	14
urbs, urbis (f)	city	14
vīs, vīs (f)	force, power, violence	14
vīrēs, vīrium (f. pl.)	strength	14
ab, ā (+abl.)	away from, from; by	14
trāns (+acc.)	across	14
appellō, appellāre, appellāvī, appellātum	to speak to, address (as), call, name	14
currō, currere, cucurrī, cursum	to run, rush, move quickly	14
mūtō, mūtāre, mūtāvī, mūtātum	to change, alter; exchange	14
teneō, tenēre, tenuī, tentum	to hold, keep, possess; restrain	14
vītō, vītāre, vītāvī, vītātum	to avoid, shun	14
animal, animālis (n)	a living creature, animal	15
aqua, aquae (f)	water	15
ars, artis (f)	art, skill	15
auris, auris (f)	ear	15
cīvis, cīvis (m or f)	citizen	15
iūs, iūris (n)	right, justice, law	15
mare, maris (n)	sea	15
mors, mortis (f)	death	15
nūbēs, nūbis (f)	cloud	15
ōs, ōris (n)	mouth, face	15
pars, partis (f)	part, share; direction	15
Rōma, Rōmae (f)	Rome	15
turba, turbae (f)	uproar, disturbance, mob, crowd, multitude	15
urbs, urbis (f)	city	15
vīs, vīs (f)	force, power, violence	15
vīrēs, vīrium (f. pl.)	strength	15
ab, ā (+abl.)	away from, from; by	15
trāns (+acc.)	across	15
appellō, appellāre, appellāvī, appellātum	to speak to, address (as), call, name	15
currō, currere, cucurrī, cursum	to run, rush, move quickly	15
mūtō, mūtāre, mūtāvī, mūtātum	to change, alter; exchange	15
vītō, vītāre, vītāvī, vītātum	to avoid, shun	15
aetās, aetātis (f)	period of life, life, age, an age, time	16
audītor, audītōris (m)	hearer, listener, member of an audience	16
clēmentia, clēmentiae (f)	mildness, gentleness, mercy	16
mēns, mentis (f)	mind, thought, intention	16
satura, saturae (f)	satire	16
ācer, ācris, ācre	sharp, keen, eager; severe, fierce	16
brevis, breve	short, small, brief	16
celer, celeris, celere	swift, quick, rapid	16
difficilis, difficile	hard, difficult, troublesome	16
dulcis, dulce	sweet; pleasant, agreeable	16
facilis, facile	easy; agreeable	16
fortis, forte	strong, brave	16
ingēns, gen. ingentis	huge	16
iūcundus, iūcunda, iūcundum	pleasant, delightful, agreeable, pleasing	16
longus, longa, longum	long	16
omnis, omne	every, all	16
potēns, potentis	able, powerful, mighty, strong	16
senex, senis	old, aged (adj.) or old man (noun)	16
quam	how	16
regō, regere, rēxī, rēctum	to rule, guide, direct	16
libellus, libellī (m)	little book	17
quī, quae, quod	who, which, what, that	17
caecus, caeca, caecum	blind	17
levis, leve	light; easy; slight, trivial	17
aut	or	17
aut . . . aut	either . . . or	17
cito	quickly	17
quoque	also, too	17
admittō, admittere, admīsī, admissum	to admit, receive, let in	17
coepī, coepisse, coeptum	began	17
cupiō, cupere, cupīvī, cupītum	to desire, wish, long for	17
dēleō, dēlēre, dēlēvī, dēlētum	to destroy, wipe out, erase	17
dēsīderō, dēsīderāre, dēsīderāvī, dēsīderātum	to desire, long for, miss	17
incipiō, incipere, incēpī, inceptum	to begin	17
nāvigō, nāvigāre, nāvigāvī, nāvigātum	to sail, navigate	17
neglegō, neglegere, neglēxī, neglēctum	to neglect, disregard	17
recitō, recitāre, recitāvī, recitātum	to read aloud, recite	17
flūmen, flūminis (n)	river	18
genus, generis (n)	origin; kind, type, sort, class	18
hostis, hostis (m)	an enemy (of the state)	18
hostēs, hostium (m)	the enemy	18
lūdus, lūdī (m)	game, sport; school	18
probitās, probitātis (f)	uprightness, honesty	18
scientia, scientiae (f)	knowledge	18
clārus, clāra, clārum	clear, bright; renowned, famous, illustrious	18
mortālis, mortāle	mortal	18
cūr	why	18
deinde	thereupon, next, then	18
fluō, fluere, flūxī, flūxum	to flow	18
legō, legere, lēgī, lēctum	to pick out, choose; read	18
misceō, miscēre, miscuī, mixtum	to mix, stir up, disturb	18
moveō, movēre, mōvī, mōtum	to move; arouse, affect	18
videor, vidērī, vīsus sum	to be seen, seem, appear	18
argūmentum, argūmentī (n)	proof, evidence, argument	19
auctor, auctōris (m)	increaser; author, originator	19
beneficium, beneficiī (n)	benefit, kindness; favor	19
familia, familiae (f)	household, family	19
Graecia, Graeciae (f)	Greece	19
iūdex, iūdicis (m)	judge, juror	19
iūdicium, iūdiciī (n)	judgment, decision, opinion; trial	19
scelus, sceleris (n)	evil deed, crime, sin, wickedness	19
quis? quid?	who? whose? whom? what? which?	19
quī?, quae?, quod?	what? which? what kind of?; (sometimes with exclamatory force) what (a)! what sort of!	19
certus, certa, certum	definite, sure, certain, reliable	19
gravis, grave	heavy, weighty; serious, important; severe, grievous	19
immortālis, immortāle	not subject to death, immortal	19
at	but; but, mind you; but, you say	19
nisi	if . . . not, unless; except	19
contrā (+acc.)	against	19
iam	now, already, soon	19
dēlectō, dēlectāre, dēlectāvī, dēlectātum	to delight, charm, please	19
līberō, līberāre, līberāvī, līberātum	to free, liberate	19
parō, parāre, parāvī, parātum	to prepare, provide; get, obtain	19
coniūrātī, coniūrātōrum (m. pl.)	conspirators	20
cornū, cornūs (n)	horn	20
frūctus, frūctūs (m)	fruit; profit, benefit, enjoyment	20
genū, genūs (n)	knee	20
manus, manūs (f)	hand; handwriting; band	20
metus, metūs (m)	fear, dread, anxiety	20
mōns, montis (m)	mountain	20
senātus, senātūs (m)	senate	20
sēnsus, sēnsūs (m)	feeling, sense	20
servitūs, servitūtis (f)	servitude, slavery	20
spīritus, spīritūs (m)	breath, breathing; spirit, soul	20
versus, versūs (m)	line of verse	20
commūnis, commūne	common, general, of / for the community	20
dexter, dextra, dextrum	right, right-hand	20
sinister, sinistra, sinistrum	left, left-hand; harmful, ill-omened	20
careō, carēre, caruī, caritūrum	to be without, be deprived of, want, lack; be free from	20
dēfendō, dēfendere, dēfendī, dēfēnsum	to ward off; defend, protect	20
discēdō, discēdere, discessī, discessum	to go away, depart	20
ōdī, ōdisse, ōsūrum	to hate	20
prohibeō, prohibēre, prohibuī, prohibitum	to keep (back), prevent, hinder, restrain, prohibit	20
prōnūntiō, prōnūntiāre, prōnūntiāvī, prōnūntiātum	to proclaim, announce; declaim; pronounce	20
casa, casae (f)	house, cottage, hut	20
causa, causae (f)	cause, reason; case, situation	20
causā	for the sake of, on account of	20
fenestra, fenestrae (f)	window	20
fīnis, fīnis (m)	end, limit, boundary; purpose	20
fīnēs, fīnium (m)	boundaries, territory	20
gēns, gentis (f)	clan, race, nation, people	20
mundus, mundī (m)	world, universe	20
nāvis, nāvis (f)	ship, boat	20
salūs, salūtis (f)	health, safety; greeting	20
Trōia, Trōiae (f)	Troy	20
vīcīnus, vīcīnī (m)	neighbor (male)	20
vīcīna, vīcīnae (f)	neighbor (female)	20
vulgus, vulgī (n)	the common people, mob, rabble	20
asper, aspera, asperum	rough, harsh	20
átque, ac	and also, and even, and in fact	20
iterum	again, a second time	20
contineō, continēre, continuī, contentum	to hold together, contain, keep, enclose, restrain	20
iubeō, iubēre, iussī, iussum	to bid, order, command	20
labōrō, labōrāre, labōrāvī, labōrātum	to labor; be in distress	20
rapiō, rapere, rapuī, raptum	to seize, snatch, carry away	20
relinquō, relinquere, relīquī, relictum	to leave behind, leave, abandon, desert	20
sciō, scīre, scīvī, scītum	to know	20
tangō, tangere, tetigī, tāctum	to touch	20
diēs, diēī (m)	day	22
ferrum, ferrī (n)	iron; sword	22
fidēs, fideī (f)	faith, trust, trustworthiness, fidelity; promise, guarantee, protection	22
ignis, ignis (m)	fire	22
modus, modī (m)	measure, bound, limit; manner, method, mode, way	22
rēs, reī (f)	thing, matter, property, business, affair	22
rēs pūblica, reī pūblicae (f)	state, commonwealth, republic	22
spēs, speī (f)	hope	22
aequus, aequa, aequum	level, even; calm; equal, just; favorable	22
fēlīx, gen. fēlīcis	lucky, fortunate, happy	22
incertus, incerta, incertum	uncertain, unsure, doubtful	22
Latīnus, Latīna, Latīnum	Latin	22
medius, media, medium	middle; the middle of	22
quondam	formerly, once	22
ultrā (adv. and prep. +acc.)	on the other side, beyond	22
prōtinus	immediately	22
cernō, cernere, crēvī, crētum	to distinguish, discern, perceive	22
ēripiō, ēripere, ēripuī, ēreptum	to snatch away, take away; rescue	22
inquit	he says or said	22
tollō, tollere, sustulī, sublātum	to raise, lift up; take away, remove, destroy	22
arx, arcis (f)	citadel, stronghold	23
dux, ducis (m)	leader, guide; commander, general	23
equus, equī (m)	horse	23
hasta, hastae (f)	spear	23
īnsula, īnsulae (f)	island	23
lītus, lītoris (n)	shore, coast	23
mīles, mīlitis (m)	soldier	23
ōrātor, ōrātōris (m)	orator, speaker	23
sacerdōs, sacerdōtis (m)	priest	23
aliquis, aliquid	someone, somebody, something	23
quisquis, quidquid	whoever, whatever	23
magnanimus, magnanima, magnanimum	great-hearted, brave, magnanimous	23
umquam	ever, at any time	23
ēducō, ēducāre, ēducāvī, ēducātum	to bring up, educate	23
gaudeō, gaudēre, gāvīsus sum	to be glad, rejoice	23
ostendō, ostendere, ostendī, ostentum	to exhibit, show, display	23
petō, petere, petīvī, petītum	to seek, aim at, beg, beseech	23
premō, premere, pressī, pressum	to press; press hard, pursue	23
opprimō, opprimere, oppressī, oppressum	to suppress, overwhelm, overpower, check	23
vertō, vertere, vertī, versum	to turn; change	23
āvértō, āvértere, āvértī, āversum	to turn away, avert	23
revertō, revertere, revertī, reversum	to turn back	23
Carthāgō, Carthāginis (f)	Carthage	24
fābula, fābulae (f)	story, tale; play	24
imperātor, imperātōris (m)	general, commander-in-chief, emperor	24
imperium, imperiī (n)	power to command, supreme power, authority, command, control	24
perfugium, perfugiī (n)	refuge, shelter	24
servus, servī (m)	slave (male)	24
serva, servae (f)	slave (female)	24
sōlācium, sōlāciī (n)	comfort, relief	24
vulnus, vulneris (n)	wound	24
re- , red-	again, back	24
ut	as, just as, when	24
posteā	afterwards	24
accipiō, accipere, accēpī, acceptum	to take (to one's self), receive, accept	24
excipiō, excipere, excēpī, exceptum	to take out, except; take, receive, capture	24
recipiō, recipere, recēpī, receptum	to take back, regain; admit, receive	24
pellō, pellere, pepulī, pulsum	to strike, push; drive out, banish	24
expellō, expellere, expulī, expulsum	to drive out, expel, banish	24
nārrō, nārrāre, nārrāvī, nārrātum	to tell, report, narrate	24
quaerō, quaerere, quaesīvī, quaesītum	to seek, look for, strive for; ask, inquire, inquire into	24
rīdeō, rīdēre, rīsī, rīsum	to laugh, laugh at	24
lingua, linguae (f)	tongue; language	25
ferōx, gen. ferōcis	fierce, savage	25
fidēlis, fidēle	faithful, loyal	25
geminus, gemina, geminum	twin	25
sápiēns, sapiéntis (m/f)	a wise man/woman, philosopher	25
ultimus, ultima, ultimum	farthest, extreme; last, final	25
dehinc	then, next	25
hīc	here	25
āit, āiunt	he says, they say, assert	25
crēdō, crēdere, crēdidī, crēditum	to believe, trust	25
iaceō, iacēre, iacuī	to lie; lie prostrate; lie dead	25
negō, negāre, negāvī, negātum	to deny, say that . . . not	25
nésciō, nescīre, nescīvī, nescītum	not to know, be ignorant	25
nūntiō, nūntiāre, nūntiāvī, nūntiātum	to announce, report, relate	25
patefaciō, patefacere, patefēcī, patefactum	to make open, open; disclose, expose	25
putō, putāre, putāvī, putātum	to reckon, suppose, judge, think, imagine	25
spērō, spērāre, spērāvī, spērātum	to hope for, hope	25
suscipiō, suscipere, suscēpī, susceptum	to undertake	25
cēna, cēnae (f)	dinner	26
forum, forī (n)	marketplace, forum	26
lēx, lēgis (f)	law, statute	26
līmen, līminis (n)	threshold	26
lūx, lūcis (f)	light	26
mēnsa, mēnsae (f)	table; dining; dish, course	26
mēnsa secunda (f)	dessert	26
nox, noctis (f)	night	26
somnus, somnī (m)	sleep	26
quīdam, quaedam, quiddam	a certain one or thing, someone, something	26
quīdam, quaedam, quoddam	a certain, some	26
pudīcus, pudīca, pudīcum	modest, chaste	26
superbus, superba, superbum	arrogant, overbearing, haughty, proud	26
trīstis, trīste	sad, sorrowful; joyless, grim, severe	26
turpis, turpe	ugly; shameful, base, disgraceful	26
urbānus, urbāna, urbānum	of the city, urban; urbane, elegant	26
prae (+abl.)	in front of, before	26
quam	than (after comparatives) or as . . . as possible (with superlatives)	26
tantum	only	26
invītō, invītāre, invītāvī, invītātum	to entertain, invite, summon	26
dēlectātiō, dēlectātiōnis (f)	delight, pleasure, enjoyment	27
nepōs, nepōtis (m)	grandson, descendant	27
sōl, sōlis (m)	sun	27
dīligēns, gen. dīligentis	diligent, careful	27
dissimilis, dissimile	unlike, different	27
gracilis, gracile	slender, thin	27
humilis, humile	lowly, humble	27
maior, maius	greater; older	27
maiōrēs, maiōrum (m. pl.)	ancestors	27
prīmus, prīma, prīmum	first, foremost, chief, principal	27
quot	how many, as many as	27
similis, simile (+ gen. or dat.)	similar (to), like, resembling	27
superus, supera, superum	above, upper	27
superī, superōrum (m. pl.)	the gods	27
ūtilis, ūtile	useful, advantageous	27
pōnō, pōnere, posuī, positum	to put, place, set	27
probō, probāre, probāvī, probātum	approve, recommend; test	27
arma, armōrum (n. pl.)	arms, weapons	28
cursus, cursūs (m)	running, race; course	28
lūna, lūnae (f)	moon	28
occāsiō, occāsiōnis (f)	occasion, opportunity	28
parēns, parentis (m or f)	parent	28
stēlla, stēllae (f)	star, planet	28
vesper, vesperis or vesperī (m)	evening; evening star	28
mortuus, mortua, mortuum	dead	28
prīnceps, gen. prīncipis	chief, foremost	28
prīnceps, prīncipis (m or f)	leader, emperor	28
ut	(+ subj.) in order that, so that, that, in order to, so as to, to; or (+ indic.) as, when	28
nē	not; in order that . . . not, that . . . not, in order not to	28
cēdō, cēdere, cessī, cessum	to go, withdraw; yield to, grant, submit	28
dēdicō, dēdicāre, dēdicāvī, dēdicātum	to dedicate	28
egeō, egēre, eguī (+ abl. or gen.)	to need, lack, want	28
expleō, explēre, explēvī, explētum	to fill, fill up, complete	28
praestō, praestāre, praestitī, praestitum	to excel; exhibit, show, offer, supply, furnish	28
taceō, tacēre, tacuī, tacitum	to be silent, leave unmentioned	28
fātum, fātī (n)	fate; death	29
ingenium, ingeniī (n)	nature, innate talent	29
moenia, moenium (n. pl.)	walls of a city	29
nāta, nātae (f)	daughter	29
ōsculum, ōsculī (n)	kiss	29
sīdus, sīderis (n)	constellation, star	29
dignus, digna, dignum (+abl.)	worthy, worthy of	29
dūrus, dūra, dūrum	hard, harsh, rough, stern, unfeeling, hardy, difficult	29
tantus, tanta, tantum	so large, so great, of such a size	29
dēnique	at last, finally, lastly	29
ita	so, thus	29
quidem	indeed, certainly, at least, even	29
nē . . . quidem	not . . . even	29
sīc	so, thus	29
tam	so, to such a degree	29
tamquam	as it were, as if, so to speak	29
tam . . . quam	so . . . as	29
vērō	in truth, indeed, to be sure, however	29
condō, condere, condidī, conditum	to put together or into, store; found, establish	29
contendō, contendere, contendī, contentum	to strive, struggle, contend; hasten	29
molliō, mollīre, mollīvī, mollītum	to soften; make calm or less hostile	29
pugnō, pugnāre, pugnāvī, pugnātum	to fight	29
respondeō, respondēre, respondī, respōnsum	to answer	29
surgō, surgere, surrēxī, surrēctum	to get up, arise	29
honor, honōris (m)	honor, esteem; public office	30
cēterī, cēterae, cētera	the remaining, the rest, the other, all the others	30
quantus, quanta, quantum	how large, how great, how much	30
tantus . . . quantus	just as much (many) . . . as	30
rīdiculus, rīdicula, rīdiculum	laughable, ridiculous	30
vīvus, vīva, vīvum	alive, living	30
fūrtim	stealthily, secretly	30
mox	soon	30
prīmō	at first, at the beginning	30
repente	suddenly	30
unde	whence, from what or which place, from which, from whom	30
utrum . . . an	whether . . . or	30
bibō, bibere, bibī	to drink	30
nṓscō, nṓscere, nṓvī, nṓtum	to become acquainted with, learn, recognize; know (in perfect tenses)	30
comprehendō, comprehendere, comprehendī, comprehēnsum	to grasp, seize, arrest; comprehend, understand	30
cōnsūmō, cōnsūmere, cōnsūmpsī, cōnsūmptum	to consume, use up	30
dubitō, dubitāre, dubitāvī, dubitātum	to doubt, hesitate	30
expōnō, expōnere, exposuī, expositum	to set forth, explain, expose	30
minuō, minuere, minuī, minūtum	to lessen, diminish	30
rogō, rogāre, rogāvī, rogātum	to ask	30
cognosco	to become acquainted with, learn, recognize; in perf. tenses, know	30
as, assis (m)	an as (a small copper coin)	31
auxilium, auxiliī (n)	aid, help	31
digitus, digitī (m)	finger, toe	31
elephantus, elephantī (m and f)	elephant	31
exsilium, exsiliī (n)	exile, banishment	31
invidia, invidiae (f)	envy, jealousy, hatred	31
rūmor, rūmōris (m)	rumor, gossip	31
vīnum, vīnī (n)	wine	31
mediocris, mediocre	ordinary, moderate, mediocre	31
cum	(+subj.) when, since, although; (+indic.) when	31
apud (+acc.)	among, in the presence of, at the house of	31
semel	a single time, once, once and for all, simultaneously	31
úsque	all the way, up (to), even (to), continuously, always	31
doleō, dolēre, doluī, dolitūrum	to grieve, suffer; hurt, give pain	31
dormiō, dormīre, dormīvī, dormītum	to sleep	31
ferō, ferre, tulī, lātum	to bear, carry, bring; suffer, endure, tolerate; say, report	31
adferō, adferre, attulī, allātum	to bring to	31
cōnferō, cōnferre, contulī, collātum	to bring together, compare; confer, bestow	31
sē cōnférre	to go	31
offerō, offerre, obtulī, oblātum	to offer	31
referō, referre, rettulī, relātum	to carry back, bring back; repeat, answer, report	31
invideō, invidēre, invīdī, invīsum	to be envious; (+dat.) to look at with envy, envy, be jealous of	31
occidō, occidere, occidī, occāsum	to fall down; die; set	31
custōdia, custōdiae (f)	protection, custody; guards (pl.)	32
exercitus, exercitūs (m)	army	32
paupertās, paupertātis (f)	poverty, humble circumstances	32
dīves, gen. dīvitis or dītis	rich, wealthy	32
pār, gen. paris (+dat.)	equal, like	32
pauper, gen. pauperis	of small means, poor	32
dummodo (+subj.)	provided that, so long as	32
mālō, mālle, māluī	to want (something) more, instead; prefer	32
nōlō, nōlle, nōluī	to not . . . wish, be unwilling	32
pateō, patēre, patuī	to be open, lie open; be accessible; be evident	32
praebeō, praebēre, praebuī, praebitum	to offer, provide	32
prōmittō, prōmittere, prōmīsī, prōmissum	to send forth; promise	32
volō, velle, voluī	to wish, want, be willing, will	32
initium, initiī (n)	beginning, commencement	33
ops, opis (f)	help, aid	33
opēs, opum (f. pl.)	power, resources, wealth	33
philosophus, philosophī (m)	philosopher (male)	33
philosopha, philosophae (f)	philosopher (female)	33
plēbs, plēbis (f)	the common people, populace, plebeians	33
sāl, salis (m)	salt; wit	33
speculum, speculī (n)	mirror	33
quis, quid (after sī, nisi, nē, num)	anyone, anything, someone, something	33
candidus, candida, candidum	shining, bright, white; beautiful	33
merus, mera, merum	pure, undiluted	33
suāvis, suāve	sweet	33
-ve	or	33
heu	ah!, alas!	33
subitō	suddenly	33
recūsō, recūsāre, recūsāvī, recūsātum	to refuse	33
trādō, trādere, trādidī, trāditum	to give over, surrender; hand down, transmit, teach	33
ánima, ánimae (f)	air (breathed by an animal), breath; soul, spirit	34
remissiō, remissiōnis (f)	letting go, release; relaxation	34
vōx, vōcis (f)	voice, word	34
adversus, adversa, adversum	opposite, adverse	34
tālis, tāle	such, of such a sort	34
vae (often + dat.or acc.)	alas, woe to	34
arbitror, arbitrārī, arbitrātus sum	to judge, think	34
cōnor, cōnārī, cōnātus sum	to try, attempt	34
crēscō, crēscere, crēvī, crētum	to increase	34
ēgredior, ēgredī, ēgressus sum	to go out	34
fateor, fatērī, fassus sum	to confess, admit	34
hortor, hortārī, hortātus sum	to encourage, urge	34
loquor, loquī, locūtus sum	to say, speak, tell	34
mōlior, mōlīrī, mōlītus sum	to work at, build, undertake, plan	34
morior, morī, mortuus sum, (fut. act. partic.) moritūrus	to die	34
nāscor, nāscī, nātus sum	to be born; spring forth, arrive	34
patior, patī, passus sum	to suffer, endure; permit	34
proficīscor, proficīscī, profectus sum	to set out, start	34
rūsticor, rūsticārī, rūsticātus sum	to live in the country	34
sedeō, sedēre, sēdī, sessum	to sit	34
sequor, sequī, secūtus sum	to follow	34
spectō, spectāre, spectāvī, spectātum	to look at, see	34
ūtor, ūtī, ūsus sum (+abl.)	to use; enjoy, experience	34
aestās, aestātis (f)	summer	35
iānua, iānuae (f)	door	35
pectus, pectoris (n)	breast, heart	35
praemium, praemiī (n)	reward, prize	35
īrātus, īrāta, īrātum	angry	35
antepōnō, antepōnere, anteposuī, antepositum	to put before, prefer	35
foveō, fovēre, fōvī, fōtum	to comfort, nurture, cherish	35
ignōscō, ignōscere, ignōvī, ignōtum (+dat.)	to grant pardon to, forgive	35
imperō, imperāre, imperāvī, imperātum (+dat.)	to give orders to, command	35
mīror, mīrārī, mīrātus sum	to marvel at, admire, wonder	35
noceō, nocēre, nocuī, nocitum (+dat.)	to do harm to, harm, injure	35
nūbō, nūbere, nūpsī, nūptum (+dat.)	to cover, veil or to be married to, marry (+dat.)	35
parcō, parcere, pepercī, parsūrum (+dat.)	to be lenient to, spare	35
pāreō, pārēre, pāruī (+dat.)	to be obedient to, obey	35
persuādeō, persuādēre, persuāsī, persuāsum (+dat.)	succeed in urging, persuade, convince	35
placeō, placēre, placuī, placitum (+dat.)	to be pleasing to, please	35
sapiō, sapere, sapīvī	to have good taste; have good sense, be wise	35
serviō, servīre, servīvī, servītum (+dat.)	to be a slave to, serve	35
studeō, studēre, studuī (+dat.)	to direct one's zeal to, be eager for, study	35
subrīdeō, subrīdēre, subrīsī, subrīsum	to smile (down) upon	35
cupīdō, cupīdinis (f)	desire, compassion	36
lēctor, lēctōris (m)	reader (male)	36
lēctrīx, lēctrīcis (f)	reader (female)	36
vinculum, vinculī (n)	bond, chain, fetter	36
cōtīdiē	daily, every day	36
fortasse	perhaps	36
accēdō, accēdere, accessī, accessum	to come (to), approach	36
carpō, carpere, carpsī, carptum	to harvest, pluck; seize	36
cōgō, cōgere, coēgī, coāctum	to drive or bring together, force, compel	36
contemnō, contemnere, contempsī, contemptum	to despise, scorn	36
contundō, contundere, contudī, contūsum	to beat, crush, bruise, destroy	36
cūrō, cūrāre, cūrāvī, cūrātum	to care for, attend to; heal, cure; take care	36
dēcernō, dēcernere, dēcrēvī, dēcrētum	to decide, settle, decree	36
exigō, exigere, exēgī, exāctum	to drive out, force out, exact; drive through, complete, perfect	36
fīō, fierī, factus sum	to occur, happen; become; be made, be done	36
oblectō, oblectāre, oblectāvī, oblectātum	to please, amuse, delight; pass time pleasantly	36
ōrō, ōrāre, ōrāvī, ōrātum	to speak, plead; beg, beseech, entreat, pray	36
recreō, recreāre, recreāvī, recreātum	to restore, revive; refresh, cheer	36
requīrō, requīrere, requīsīvī, requīsītum	to seek, ask for; miss, need, require	36
serēnō, serēnāre, serēnāvī, serēnātum	to make clear, brighten; cheer up, soothe	36
Athēnae, Athēnārum (f. pl.)	athens	37
domus, domūs, domī (f)	house, home	37
domī (f)	at home	37
domum (f)	(to) home	37
domō (f)	from home	37
humus, humī (f)	ground, earth; soil	37
iter, itineris (n)	journey; route, road	37
rūs, rūris (n)	the country, countryside	37
Syrācūsae, Syrācūsārum (f. pl.)	Syracuse	37
absēns, gen. absentis	absent, away	37
grātus, grāta, grātum	pleasing, agreeable; grateful	37
idōneus, idōnea, idōneum	suitable, fit, appropriate	37
immōtus, immōta, immōtum	unmoved; unchanged; unrelenting	37
forīs	out of doors, outside	37
eō, īre, iī, itum	to go	37
abeō, abīre, abiī, abitum	to go away, depart, leave	37
adeō, adīre, adiī, aditum	to go to, approach	37
exeō, exīre, exiī, exitum	to go out, exit	37
íneō, inīre, íniī, initum	to enter into, begin	37
obeō, obīre, obiī, obitum	to go up against, meet; die	37
pereō, perīre, periī, peritum	to pass away, be destroyed, perish	37
redeō, redīre, rediī, reditum	to go back, return	37
interficiō, interficere, interfēcī, interfectum	to kill, murder	37
lícet, licḗre, lícuit	it is permitted (for someone to do something), one may	37
peregrīnor, peregrīnārī, peregrīnātus sum	to travel abroad, wander	37
requiēscō, requiēscere, requiēvī, requiētum	to rest	37
soleō, solēre, solitus sum	to be accustomed	37
arbor, arboris (f)	tree	38
dignitās, dignitātis (f)	merit, prestige, dignity	38
dolor, dolōris (m)	pain, grief	38
odium, odiī (n)	hatred	38
opus, operis (n)	a work, task; deed, accomplishment	38
ōrātiō, ōrātiōnis (f)	speech	38
pēs, pedis (m)	lower leg, foot	38
sator, satōris (m)	sower, planter; begetter, father; founder	38
fīrmus, fīrma, fīrmum	firm, strong; reliable	38
īnfīrmus, īnfīrma, īnfīrmum	not strong, weak, feeble	38
mīrābilis, mīrābile	amazing, wondrous, remarkable	38
prīstinus, prīstina, prīstinum	ancient; former, previous	38
sublīmis, sublīme	elevated, lofty; heroic, noble	38
etsī	even if, although	38
ergā (+acc.)	toward	38
libenter	with pleasure, gladly	38
impediō, impedīre, impedīvī, impedītum	to impede, hinder, prevent	38
metuō, metuere, metuī	to fear, dread; (+dat.) be afraid for	38
queror, querī, questus sum	to complain, lament	38
recognōscō, recognōscere, recognōvī, recognitum	to recognize, recollect	38
suspendō, suspendere, suspendī, suspēnsum	to hang up, suspend; interrupt	38
vēndō, vēndere, vēndidī, vēnditum	to sell	38
aedificium, aedificiī (n)	building, structure	39
iniūria, iniūriae (f)	injustice, injury, wrong	39
mulier, mulieris (f)	woman	39
trānsitus, trānsitūs (m)	passing over, transit; transition	39
ventus, ventī (m)	wind	39
cupidus, cupida, cupidum	desirous, eager, fond; or desirous of, eager for (+gen.)	39
līberālis, līberāle	of, relating to a free person; worthy of a free man, decent, liberal; generous	39
necesse	necessary, inevitable	39
vetus, gen. veteris,	old	39
quasi	as if, as it were	39
ambulō, ambulāre, ambulāvī, ambulātum	to walk	39
experior, experīrī, expertus sum	to try, test;, experience	39
lībō, lībāre, lībāvī, lībātum	to pour a libation of, on; pour ritually; sip; touch gently	39
opórtet, oportḗre, opórtuit (+infin.)	it is proper, right, necessary	39
oppugnō, oppugnāre, oppugnāvī, oppugnātum	to fight against, attack, assault, assail	39
ōrnō, ōrnāre, ōrnāvī, ōrnātum	to equip, furnish, adorn	39
pernoctō, pernoctāre, pernoctāvī, pernoctātum	to spend or occupy the night	39
trānseō, trānsīre, trānsiī, trānsitum	to go across, cross; pass over, ignore	39
aes, aeris (n)	bronze	40
dominus, dominī (m)	master (of a household), lord	40
domina, dominae (f)	mistress, lady	40
lacrima, lacrimae (f)	tear	40
mēta, mētae (f)	turning point, goal; limit, boundary	40
monumentum, monumentī (n)	monument	40
nāsus, nāsī (m)	nose	40
saxum, saxī (n)	rock, stone	40
vultus, vultūs (m)	countenance, face	40
iūstus, iūsta, iūstum	just, right	40
tot	so many, as many; tot...quot - as many...as	40
praeter (+acc.)	besides, except; beyond, past	40
nōnne	introduces questions expecting the answer 'yes'	40
num	1. introduces direct questions which expect the answer 'no' 2. introduces indirect question and means whether	40
omnīnō	wholly, entirely, altogether; (with negatives) at all	40
postrēmum	after all, finally; for the last time	40
quīn	indeed, in fact, furthermore	40
explicō, explicāre, explicāvī, explicātum	to unfold; explain; spread out, deploy	40
fatīgō, fatīgāre, fatīgāvī, fatīgātum	to weary, tire out	40
for, fārī, fātus sum	to speak (prophetically), talk, foretell	40
opīnor, opīnārī, opīnātus sum	to suppose	40
reperiō, reperīre, repperī, repertum	to find, discover, learn; get	40
vereor, verērī, veritus sum	to show reverence for, respect; be afraid of, fear	40
